"Date","Billie Creek Divide SWE (in)","Chemult Alternate SWE (in)","Cold Springs Camp SWE (in)","Diamond Lake SWE (in)","Fish Lake SWE (in)","Fourmile Lake SWE (in)","Quartz Mountain SWE (in)","Sevenmile Marsh SWE (in)","Silver Creek SWE (in)","Strawberry SWE (in)","Summer Rim SWE (in)","Taylor Butte SWE (in)"
"2024-10-01",0,0,0,0,0,0,0,0,0,0,0,0
"2024-10-02",0,0,0,0,0,0,0,0,0,0,0,0
"2024-10-03",0,0,0,0,0,0,0,0,0,0,0,0
"2024-10-04",0,0,0,0,0,0,0,0,0,0,0,0
"2024-10-05",0,0,0,0,0,0,0,0,0,0,0,0
"2024-10-06",0,0,0,0,0,0,0,0,0,0,0,0
"2024-10-07",0,0,0,0,0,0,0,0,0,0,0,0
"2024-10-08",0,0,0,0,0,0,0,0,0,0,0,0
"2024-10-09",0,0,0,0,0,0,0,0,0,0,0,0
"2024-10-10",0,0,0,0,0,0,0,0,0,0,0,0
"2024-10-11",0,0,0,0,0,0,0,0,0,0,0,0
"2024-10-12",0,0,0,0,0,0,0,0,0,0,0,0
"2024-10-13",0,0,0,0,0,0,0,0,0,0,0,0
"2024-10-14",0,0,0,0,0,0,0,0,0,0,0,0
"2024-10-15",0,0,0,0,0,0,0,0,0,0,0,0
"2024-10-16",0,0,0,0,0,0,0,0,0,0,0,0
"2024-10-17",0,0,0,0,0,0,0,0,0,0,0,0
"2024-10-18",0,0,0,0,0,0,0,0,0,0,0,0
"2024-10-19",0,0,0,0,0,0,0,0,0.1,0,0,0
"2024-10-20",0,0,0,0,0,0,0,0,0,0,0,0
"2024-10-21",0,0,0,0,0,0,0,0,0,0,0,0
"2024-10-22",0,0,0,0,0,0,0,0,0,0,0,0
"2024-10-23",0,0,0,0,0,0,0,0,0,0,0,0
"2024-10-24",0,0,0,0,0,0.1,0.2,0,0,0,0.2,0
"2024-10-25",0,0,0,0,0,0.2,0,0,0,0,0.4,0
"2024-10-26",0,0,0,0,0,0.2,0,0,0,0,0.1,0
"2024-10-27",0,0,0,0,0,0.1,0,0,0,0,0,0
"2024-10-28",0,0,0,0,0,0,0,0,0,0,0.2,0
"2024-10-29",0.3,0,0.1,0,0,0.1,0,0,0,0,0.3,0
"2024-10-30",0.1,0,0,0,0,0.1,0,0,0,0,0.2,0
"2024-10-31",0.6,0.1,0.4,0.2,0.1,0.5,0.2,0.3,0.1,0,0.4,0.1
"2024-11-01",0.7,0.2,0.8,0.6,0.1,0.9,0.2,0.9,0.4,0,0.5,0
"2024-11-02",1.3,1.3,1.8,2.4,0.4,1.9,0.3,2,1.1,0.2,1.4,0.1
"2024-11-03",2.5,1.4,2.6,2.8,0.4,2.5,0.2,2.9,1.1,0.1,1.4,0
"2024-11-04",2.8,1.2,2.7,2.9,0.3,2.8,0.1,2.9,0.9,0,1.5,0
"2024-11-05",2.6,1.2,2.7,2.8,0.9,2.8,0.1,3,0.9,0,1.5,0
"2024-11-06",2.6,1.1,2.6,2.9,1,2.6,0,2.9,0.8,0,1.5,0
"2024-11-07",2.6,1.1,2.6,2.8,0.9,2.6,0,2.9,0.7,0,1.6,0
"2024-11-08",2.7,1.1,2.4,2.6,0.9,2.6,0,3,0.6,0,1.7,0
"2024-11-09",2.7,1.1,2.3,2.4,0.9,2.6,0,3,0.4,0,1.7,0
"2024-11-10",2.6,1.1,2.2,2.2,0.8,2.6,0,3,0.2,0,1.6,0
"2024-11-11",2.4,0.8,1.9,1.8,0.6,2.6,0,2.9,0.1,0,1.5,0
"2024-11-12",3.2,0.6,2.5,1.8,0.3,2.9,0.2,3.4,0.2,0,1.8,0
"2024-11-13",3.2,0.6,2.6,2,0.3,2.9,0.1,3.5,0.2,0,1.8,0
"2024-11-14",3.9,1.4,3.8,3.4,0.2,4.1,0.2,4.8,1.1,0,2.6,0.4
"2024-11-15",4.1,1.6,4,4.1,0.2,4.2,0.4,4.9,1.1,0,2.8,0.6
"2024-11-16",4.2,1.3,3.9,4,0.2,4.3,0.3,4.8,1,0,2.7,0.6
"2024-11-17",4.5,1.6,4.1,4.2,0.8,4.5,0.4,5.1,1.1,0,2.9,0.6
"2024-11-18",4.9,1.8,4.6,4.4,1,5,0.6,5.4,1.2,0.3,3.3,0.6
"2024-11-19",5.7,1.7,5.3,4.6,1.1,5.7,0.6,6.1,1.2,0.3,3.3,0.5
"2024-11-20",5.9,2.3,5.4,4,1.3,6,0.7,6.9,1.5,0.4,3.2,0.8
"2024-11-21",7.1,3.6,6.4,5.8,1.6,7.6,1.2,8.3,3.1,0.8,4.7,2.2
"2024-11-22",7.2,4.1,7.5,6.2,1.6,8,1.6,9.3,3.9,1.1,5.4,2.7
"2024-11-23",7.3,3.9,7.3,5.6,2,8.2,0.7,9.2,3.5,0.6,4.9,2.3
"2024-11-24",7.6,4,7.6,6,1.9,8.3,0.6,9.4,3.5,0.9,5.1,2.4
"2024-11-25",7.7,4.1,7.6,6.1,2.2,8.3,0.6,9.5,3.4,0.9,5.2,2.4
"2024-11-26",7.8,4.4,8,6.6,2.3,8.5,0.9,10.2,3.8,1.3,5.5,2.7
"2024-11-27",8.3,4.2,8.2,6.4,2.2,8.6,0.9,10.2,3.8,1.5,5.7,2.8
"2024-11-28",8.4,4.2,8.2,6.5,2.1,8.5,0.9,10.2,3.8,1.5,5.8,2.7
"2024-11-29",8.4,4,8.4,6.6,2.1,8.4,1,10.2,3.7,1.5,5.9,2.7
"2024-11-30",8.4,4,8.4,6.6,2.2,8.5,1,10.2,3.6,1.6,6,2.8
"2024-12-01",8.4,4.1,8.3,6.8,2.2,8.4,1,10.3,3.6,1.6,5.8,2.9
"2024-12-02",8.4,4.1,8.3,6.9,2.1,8.4,1,10.3,3.5,1.6,5.8,3.1
"2024-12-03",8.6,4.1,8.3,6.9,2,8.3,1,10.3,3.6,1.6,5.7,3.1
"2024-12-04",8.7,4.2,8.2,6.7,2.1,8.1,1,10.3,3.5,1.6,5.7,3.2
"2024-12-05",8.5,4.2,8.2,6.4,2.1,8,0.9,10.3,3.5,1.6,5.8,3.2
"2024-12-06",8.3,4.2,8.1,6.4,2.1,7.9,0.8,10.3,3.5,1.6,5.8,3.1
"2024-12-07",8.2,4.3,8.1,6.4,2.1,7.8,0.8,10.3,3.5,1.6,5.8,3.1
"2024-12-08",8.5,4.4,7.9,6.4,2.6,8,0.7,10.2,3.7,1.6,5.7,2.9
"2024-12-09",8.5,4.1,8,6.9,2.9,7.9,0.7,9.9,3.6,1.5,5.8,3.3
"2024-12-10",8.8,3.9,8.2,6.6,2.8,7.6,0.6,9.9,3.6,1.2,6,3.3
"2024-12-11",8.5,3.8,8.1,6.1,2.8,7.2,0.6,10.2,3.6,1.4,5.5,3
"2024-12-12",8.3,4.4,8.2,6.2,2.7,7.6,0.6,10.4,3.6,1.5,5.8,2.9
"2024-12-13",8.4,4.6,8.4,6.4,2.8,7.8,0.7,10.4,3.8,1.7,5.8,3.1
"2024-12-14",9,5.3,9.2,7.4,3.3,8.4,1,11.4,4.3,2.2,5.9,3.6
"2024-12-15",9.8,5.3,9.7,8.1,3.6,9,1.3,11.7,4.6,2.7,6.1,3.7
"2024-12-16",10.6,5.8,10.6,9,3.7,9.6,1.5,12.2,5,2.9,6.5,4.3
"2024-12-17",10.7,6.5,11,10.2,3.8,10.1,1.5,12.9,5.8,3.1,6.2,4.6
"2024-12-18",10.8,6.6,11.1,10.4,5.2,10.3,1.6,13.4,6,3.2,6.3,4.7
"2024-12-19",11,6.5,11,10.2,5.3,10.2,1.5,13.6,6.1,3.1,5.9,4.7
"2024-12-20",11.1,6.4,11,10,5.3,10.2,1.4,13.5,6.1,3.1,5.9,4.7
"2024-12-21",11.2,6.4,11,10,5.2,10.2,1.2,13.5,6,3.1,5.8,4.7
"2024-12-22",11.2,6.6,11.2,9.9,5.4,10.5,1.4,13.7,6.3,3.2,5.9,4.7
"2024-12-23",11.2,6.8,11.4,9.6,5.7,10.8,1,14.1,6.3,3,5.9,4.8
"2024-12-24",11.5,6.8,11.5,9.3,5.9,10.9,0.6,14.1,6.2,2.8,6,4.8
"2024-12-25",12,6.4,12.1,9.2,6.1,11.1,0.6,14.6,6.5,2.7,6.3,4.9
"2024-12-26",12.2,6.9,13,10.3,6.8,11.5,0.8,15.3,6.9,2.8,6.4,5.1
"2024-12-27",13.6,8,14.8,12.2,7.9,13.3,1.4,17.5,8.3,3.5,6.9,6
"2024-12-28",14.1,9,15.9,13.7,8.3,14.9,2,18.9,9.5,3.8,7.1,6.4
"2024-12-29",13.5,9.7,16,14.2,8.9,14.6,1.6,19,10,3.7,7.3,6.5
"2024-12-30",14.6,9.7,16.7,13.8,9.4,15.5,1.5,20,10.3,3.5,7.2,6.4
"2024-12-31",14.6,9.5,16.7,13.6,9.6,15.5,1.4,19.9,10.3,3.7,7.3,6.6
"2025-01-01",15,9.7,17.1,14.3,9.6,16,1.7,20.3,10.3,3.3,7.8,6.3
"2025-01-02",15.9,10,18.5,15,9.6,17.4,1.9,21.8,10.7,3.9,7.9,6.6
"2025-01-03",16,10.1,18.5,15,9.8,17.1,1.4,21.9,10.7,3.9,7.6,6.8
"2025-01-04",16.2,9.9,18.4,14.6,10,17.5,1.4,21.9,10.6,3.9,6.8,6.5
"2025-01-05",17,10.2,19.3,15.5,10.3,18.8,1.5,23,10.9,4.2,7.1,6.5
"2025-01-06",17.5,10.3,19.5,15.6,10.6,19.1,1.6,23.4,11.1,4.2,7.4,6.6
"2025-01-07",17.2,10.1,19.4,15.3,10.6,18.9,1.7,22.9,11.1,4.5,7.7,6.6
"2025-01-08",17.5,10,19.4,15.5,10.6,19,1.6,22.8,11.1,4.6,7.9,6.8
"2025-01-09",17.5,10,19.3,15.6,10.6,19,1.7,22.9,11,4.4,8.2,6.6
"2025-01-10",17.2,10,19.4,15.8,10.6,19,1.7,22.9,11,4.3,8.5,6.7
"2025-01-11",17.6,9.9,19.6,16.1,11,19,1.7,23.1,11,4.5,8.5,6.7
"2025-01-12",17.8,9.9,19.7,16.3,11,19,1.4,23,11,4.3,8.6,7.5
"2025-01-13",17.8,9.9,19.7,16.4,11,19,1.3,23,10.9,4,8.2,6.8
"2025-01-14",18,9.8,19.7,16.5,11,18.9,1.3,23.1,10.6,3.8,8.1,6.8
"2025-01-15",18.2,9.9,19.8,16.8,11,18.9,1.6,23.1,10.5,4.1,8.2,6.6
"2025-01-16",18.5,9.8,20,16.8,11,18.9,1.6,23.1,10.2,4.3,8.1,7
"2025-01-17",19,9.7,20,17.1,11,18.8,1.5,23.1,10.1,4.8,8,7.3
"2025-01-18",19.2,9.5,19.8,17.1,10.9,18.6,1.2,22.9,10,4.5,7.4,7.2
"2025-01-19",19.2,9.6,20,17.4,10.9,18.4,1.1,22.9,10,3.6,7.2,6.5
"2025-01-20",18.2,9.6,19.8,17.7,10.8,18.2,1,22.8,10,4,6.9,5.2
"2025-01-21",17.3,9.7,20,18.3,10.9,18,1.1,22.9,9.9,3.5,6.8,5.4
"2025-01-22",16.3,9.6,19.9,19.6,10.9,17.8,1.1,22.8,9.9,4,6.4,4.6
"2025-01-23",15.8,9.7,20,18.9,10.9,17.6,1.2,22.9,9.9,4,6.3,4.6
"2025-01-24",15.6,10,20.4,17,10.9,17.4,1.4,22.9,10,3.9,6.5,4.9
"2025-01-25",15.7,9.8,20.7,16.4,10.9,17.2,1.1,22.7,10,4.8,6.5,6.4
"2025-01-26",15.4,9.6,20.4,15.7,10.9,16.8,1,22.5,9.6,3.9,5.6,6.3
"2025-01-27",15.1,9.5,20.5,14.7,10.9,16.7,1,22.6,9.7,3.9,4.6,4.6
"2025-01-28",15.1,9.6,21,14.7,10.9,16.7,1.1,22.7,9.8,3.6,4.2,3.4
"2025-01-29",14.9,9.6,21.4,14.5,11,16.8,1.1,22.7,9.8,3.9,4.3,3.7
"2025-01-30",14.7,9.6,21.3,14.2,11,16.9,1,22.8,9.7,3.9,4.4,4.2
"2025-01-31",14.6,9.9,21.6,14.9,11,17.2,1.2,23,9.6,3.5,4.9,4.6
"2025-02-01",15.3,11,22.3,15.9,12,19.1,1.6,24.3,10.9,4.2,6.2,6.1
"2025-02-02",17,11.6,23.6,17.4,12.4,20.6,2.1,25.6,11.7,4.9,7.5,7.4
"2025-02-03",18.1,11.6,24.5,17.6,12.6,21.7,3.4,27,11.8,6.8,9,8.1
"2025-02-04",19.8,12.3,25.9,18.9,12.7,23.4,4.5,28.7,12.6,8.3,10.7,9.3
"2025-02-05",20.3,12.2,26.1,18.8,12.7,24.2,5.2,29.3,13.4,9.2,12.2,9.8
"2025-02-06",20.5,12.4,26.1,19,12.8,24.4,5.3,29.7,14.3,9.3,12.2,9.8
"2025-02-07",21.4,12.9,27,20.1,12.8,25.1,5.8,30.2,15.4,9.9,13,10.9
"2025-02-08",20.9,12.6,26.4,18.9,12.8,25.2,5.8,30.2,15.7,9.8,12.7,10
"2025-02-09",21.3,12.6,26.8,19.2,12.9,25.3,5.8,30.3,15.8,9.8,12.8,10.2
"2025-02-10",21.8,12.7,27.3,19.6,12.9,25.2,5.9,30.2,15.8,9.9,13,10.6
"2025-02-11",22,12.8,27.5,20.1,12.8,25.2,6,30.1,15.8,9.9,13.3,10.9
"2025-02-12",22,12.6,27.4,19.9,12.8,25.1,5.9,29.9,15.7,9.8,13.2,10.9
"2025-02-13",22.6,12.8,28,20.5,12.9,25.1,6.1,29.9,15.7,9.9,13.6,11.6
"2025-02-14",22.1,13.2,27.2,18.6,13,25.6,6.2,30.6,15.8,10.2,13.4,11.2
"2025-02-15",22.6,12.9,27.2,17.9,13.1,26.3,6,31.2,15.7,10.3,13,10
"2025-02-16",23.6,13.4,28.3,19.3,13.4,26.5,6.3,31.4,15.8,10.5,13.4,10.9
"2025-02-17",24.1,13.1,28.8,20.4,13.8,27.3,6.5,32.1,16.1,10.9,13.5,11.4
"2025-02-18",24,12.8,28.8,20.7,13.9,27.6,6.4,32.9,16.2,10.9,13.3,10.8
"2025-02-19",24.7,12.8,29.4,21.4,13.9,27.9,6.5,33.1,16.2,10.8,13.5,11.1
"2025-02-20",25.1,12.2,29.1,21.9,14.4,28.5,6.6,33.5,16.6,10.9,13.5,10.7
"2025-02-21",25.5,12,29.5,22.4,14.4,28.7,6.7,33.5,16.7,11,13.6,9.7
"2025-02-22",25.6,12,29.6,22.7,14.8,28.8,6.7,33.5,16.7,11,13.8,10.5
"2025-02-23",25.7,11.9,30.3,22.9,15.1,29.4,6.6,33.9,16.9,10.9,13.8,10.8
"2025-02-24",25.6,11.8,31.1,21.5,15,27.3,6,36.2,16.5,10.6,13.2,10.5
"2025-02-25",25.1,11.8,29.4,20.9,15.4,27.3,5.4,34.3,16.5,10.1,13,10.3
"2025-02-26",25.4,11.8,29.1,20.9,16.5,27.3,5.5,33.3,16.7,10.2,13,10.3
"2025-02-27",25.4,11.6,29.1,20.6,16.5,27.5,5.4,33.1,16.6,9.8,13.2,10.3
"2025-02-28",25.7,11.5,29.5,20.6,16.4,27.8,5.3,33.3,16.5,9.5,13.3,10.3
"2025-03-01",25.9,11.4,29.4,20.6,16.4,28.1,5.2,33.6,16.4,9.1,13.4,10.4
"2025-03-02",25.8,11.3,29.3,20.3,16.3,28.3,5,33.8,16.2,8.6,13.5,10.2
"2025-03-03",26,11.4,28.6,20.6,16,28.7,5.1,34.2,16.1,8.8,13.5,10
"2025-03-04",26.2,11.2,28.8,20.7,15.7,28.9,5,34.3,16.1,8.7,13.4,9.8
"2025-03-05",26.5,11.4,29.2,20.9,16,29.2,5.1,34.6,16.2,8.7,13.6,9.9
"2025-03-06",26.8,11.5,29.8,21.4,16,29.3,5.2,34.8,16.3,8.8,14.4,9.5
"2025-03-07",26.6,11.5,29.1,21.1,16,29.5,5.1,34.7,16.6,9,15,9.1
"2025-03-08",26.6,11.4,29.2,21.6,15.9,29.6,5,34.7,16.7,8.9,15,9.4
"2025-03-09",26.9,11.4,29.9,21.8,15.8,29.7,5.1,34.8,16.7,8.6,15.2,9.5
"2025-03-10",26.8,11.3,29.4,21.4,15.7,29.8,5.1,34.9,16.7,8.3,15.1,9.5
"2025-03-11",26.9,11.1,29.3,21.2,15.8,29.9,5,35,16.3,8.2,15.1,9.2
"2025-03-12",26.6,11,28.9,20.9,15.8,29.9,4.7,35.1,16,7.6,15.2,9
"2025-03-13",26.6,10.9,28.6,21.1,16.3,30.4,4.8,35.8,16.2,7.8,15.1,8.9
"2025-03-14",27.4,10.8,29.3,22,16.3,30.7,4.8,36.2,16.2,8,15.1,8.9
"2025-03-15",27.6,11.1,29.9,22.8,16.3,31.6,4.6,37.1,16.7,8.2,14.9,8.7
"2025-03-16",28.4,12.2,31.6,24.9,16.9,32.6,4.7,38.4,17.4,8.4,15.2,9.1
"2025-03-17",29.3,14.1,33.6,27.8,16.9,34.1,4.8,41.1,19.1,8.7,15,9.1
"2025-03-18",29.9,14.1,34.1,28,17.3,34.9,4.7,41.2,19.2,8.6,15.1,8.9
"2025-03-19",30.4,14.2,34.8,28.3,17.3,35,4.8,41.4,19.3,9,15.2,9
